<?xml version="1.0" encoding="UTF-8" standalone="no" ?>
<flomerics_vis_scenario build="9.18.1" product="FloTHERM" version="8.2">

  <root>
    <viewer>
      <camera>
        <cameraType>perspective</cameraType>
        <height>7.49548e-037</height>
        <heightAngle>45</heightAngle>
        <position>
          <x>0.0533654</x>
          <y>0.20928</y>
          <z>0.350895</z>
        </position>
        <orientationAxis>
          <x>-0.935794</x>
          <y>-0.346393</y>
          <z>0.0655899</z>
        </orientationAxis>
        <orientationAngle>36.2936</orientationAngle>
        <viewportMapping>3</viewportMapping>
        <aspectRatio>1</aspectRatio>
        <nearDistance>0.279736</nearDistance>
        <farDistance>0.445519</farDistance>
        <focalDistance>0.362463</focalDistance>
        <version>8.2</version>
      </camera>
      <viewerMode>examiner</viewerMode>
      <showAxes>true</showAxes>
      <showGravity>true</showGravity>
      <showSolar>true</showSolar>
      <looping>loop</looping>
      <velocity>0.173205</velocity>
      <defaultVelocity>true</defaultVelocity>
      <animation._rate>30</animation._rate>
      <jumpTime>0.5</jumpTime>
      <useScreenResolution>true</useScreenResolution>
      <outputXSize>640</outputXSize>
      <outputYSize>480</outputYSize>
      <outputDPI>72</outputDPI>
      <runAnimation>true</runAnimation>
    </viewer>
    <geometry>
      <clipToDomain>false</clipToDomain>
      <show_monitor_points>false</show_monitor_points>
      <monitor_point_size>0.0173205</monitor_point_size>
      <monitor_point_material>
        <colour>
          <red>1</red>
          <green>0</green>
          <blue>0</blue>
        </colour>
        <aggregateShininess>0</aggregateShininess>
        <ambient>
          <red>1</red>
          <green>0</green>
          <blue>0</blue>
        </ambient>
        <diffuse>
          <red>1</red>
          <green>0</green>
          <blue>0</blue>
        </diffuse>
        <specular>
          <red>0</red>
          <green>0</green>
          <blue>0</blue>
        </specular>
        <emissive>
          <red>0</red>
          <green>0</green>
          <blue>0</blue>
        </emissive>
        <shininess>0</shininess>
        <transparency>0</transparency>
      </monitor_point_material>
      <selectableCuboids>true</selectableCuboids>
      <selectablePrismsTets>true</selectablePrismsTets>
      <selectablePlates>true</selectablePlates>
      <selectableHidden>false</selectableHidden>
      <selectableWireframe>false</selectableWireframe>
      <defaultMonitorPointSize>true</defaultMonitorPointSize>
      <cutPlane>
        <serial>B2485821EC15589E5E73732B00000001</serial>
        <enabled>false</enabled>
        <axis>X</axis>
        <position>0.5</position>
        <above>clipped</above>
        <below>normal</below>
        <defaultPos>true</defaultPos>
      </cutPlane>
      <rootNode>
        <rootNode serial="807B96D4FD8436A234FA83B000000022">
          <viewstate>default</viewstate>
          <node serial="B2485821EC15589E5E6F8C1500000030">
            <viewstate>default</viewstate>
            <altGeomRepName></altGeomRepName>
            <altGeomRepControllerID></altGeomRepControllerID>
            <polygonOffset>0</polygonOffset>
          </node>
          <node serial="B2485821EC15589E5E6F8C15000000A3">
            <viewstate>default</viewstate>
            <altGeomRepName></altGeomRepName>
            <altGeomRepControllerID></altGeomRepControllerID>
            <polygonOffset>0</polygonOffset>
          </node>
          <node serial="B2485821EC15589E5E6F8C1500000042">
            <viewstate>default</viewstate>
            <node serial="B2485821EC15589E5E6F8C1500000043">
              <viewstate>default</viewstate>
              <node serial="B2485821EC15589E5E6F8C1500000043">
                <viewstate>default</viewstate>
                <altGeomRepName></altGeomRepName>
                <altGeomRepControllerID></altGeomRepControllerID>
                <polygonOffset>0</polygonOffset>
              </node>
              <node serial="B2485821EC15589E5E6F8C1500000043">
                <viewstate>default</viewstate>
                <altGeomRepName></altGeomRepName>
                <altGeomRepControllerID></altGeomRepControllerID>
                <polygonOffset>0</polygonOffset>
              </node>
              <node serial="B2485821EC15589E5E6F8C1500000043">
                <viewstate>default</viewstate>
                <altGeomRepName></altGeomRepName>
                <altGeomRepControllerID></altGeomRepControllerID>
                <polygonOffset>0</polygonOffset>
              </node>
              <node serial="B2485821EC15589E5E6F8C1500000043">
                <viewstate>default</viewstate>
                <altGeomRepName></altGeomRepName>
                <altGeomRepControllerID></altGeomRepControllerID>
                <polygonOffset>0</polygonOffset>
              </node>
            </node>
            <node serial="B2485821EC15589E5E6F8C1500000044">
              <viewstate>default</viewstate>
              <altGeomRepName></altGeomRepName>
              <altGeomRepControllerID></altGeomRepControllerID>
              <polygonOffset>0</polygonOffset>
            </node>
          </node>
          <node serial="B2485821EC15589E5E6F8C150000007D">
            <viewstate>default</viewstate>
            <altGeomRepName></altGeomRepName>
            <altGeomRepControllerID></altGeomRepControllerID>
            <polygonOffset>0</polygonOffset>
          </node>
          <node serial="B2485821EC15589E5E6F8C1500000086">
            <viewstate>default</viewstate>
            <altGeomRepName></altGeomRepName>
            <altGeomRepControllerID></altGeomRepControllerID>
            <polygonOffset>0</polygonOffset>
          </node>
          <node serial="B2485821EC15589E5E6F8C1500000087">
            <viewstate>default</viewstate>
            <altGeomRepName></altGeomRepName>
            <altGeomRepControllerID></altGeomRepControllerID>
            <polygonOffset>0</polygonOffset>
          </node>
          <node serial="B2485821EC15589E5E6F8C1500000088">
            <viewstate>default</viewstate>
            <altGeomRepName></altGeomRepName>
            <altGeomRepControllerID></altGeomRepControllerID>
            <polygonOffset>0</polygonOffset>
          </node>
          <node serial="B2485821EC15589E5E6F8C150000008A">
            <viewstate>default</viewstate>
            <altGeomRepName></altGeomRepName>
            <altGeomRepControllerID></altGeomRepControllerID>
            <polygonOffset>0</polygonOffset>
          </node>
          <node serial="B2485821EC15589E5E6F8C1500000092">
            <viewstate>default</viewstate>
            <altGeomRepName></altGeomRepName>
            <altGeomRepControllerID></altGeomRepControllerID>
            <polygonOffset>0</polygonOffset>
          </node>
          <node serial="B2485821EC15589E5E6F8C1500000094">
            <viewstate>default</viewstate>
            <altGeomRepName></altGeomRepName>
            <altGeomRepControllerID></altGeomRepControllerID>
            <polygonOffset>0</polygonOffset>
          </node>
          <node serial="B2485821EC15589E5E6F8C15000000A2">
            <viewstate>default</viewstate>
            <altGeomRepName></altGeomRepName>
            <altGeomRepControllerID></altGeomRepControllerID>
            <polygonOffset>0</polygonOffset>
          </node>
          <node serial="B2485821EC15589E5E6F8C15000000AC">
            <viewstate>default</viewstate>
            <node serial="B2485821EC15589E5E6F8C15000000AC">
              <viewstate>default</viewstate>
              <altGeomRepName></altGeomRepName>
              <altGeomRepControllerID></altGeomRepControllerID>
              <polygonOffset>0</polygonOffset>
            </node>
            <node serial="B2485821EC15589E5E6F8C15000000AC">
              <viewstate>default</viewstate>
              <altGeomRepName></altGeomRepName>
              <altGeomRepControllerID></altGeomRepControllerID>
              <polygonOffset>0</polygonOffset>
            </node>
            <node serial="B2485821EC15589E5E6F8C15000000AC">
              <viewstate>default</viewstate>
              <altGeomRepName></altGeomRepName>
              <altGeomRepControllerID></altGeomRepControllerID>
              <polygonOffset>0</polygonOffset>
            </node>
            <node serial="B2485821EC15589E5E6F8C15000000AC">
              <viewstate>default</viewstate>
              <altGeomRepName></altGeomRepName>
              <altGeomRepControllerID></altGeomRepControllerID>
              <polygonOffset>0</polygonOffset>
            </node>
            <node serial="B2485821EC15589E5E6F8C15000000AC">
              <viewstate>default</viewstate>
              <altGeomRepName></altGeomRepName>
              <altGeomRepControllerID></altGeomRepControllerID>
              <polygonOffset>0</polygonOffset>
            </node>
            <node serial="B2485821EC15589E5E6F8C15000000AC">
              <viewstate>default</viewstate>
              <altGeomRepName></altGeomRepName>
              <altGeomRepControllerID></altGeomRepControllerID>
              <polygonOffset>0</polygonOffset>
            </node>
            <node serial="B2485821EC15589E5E6F8C15000000AC">
              <viewstate>default</viewstate>
              <altGeomRepName></altGeomRepName>
              <altGeomRepControllerID></altGeomRepControllerID>
              <polygonOffset>0</polygonOffset>
            </node>
            <node serial="B2485821EC15589E5E6F8C15000000AC">
              <viewstate>default</viewstate>
              <altGeomRepName></altGeomRepName>
              <altGeomRepControllerID></altGeomRepControllerID>
              <polygonOffset>0</polygonOffset>
            </node>
            <node serial="B2485821EC15589E5E6F8C15000000AC">
              <viewstate>default</viewstate>
              <altGeomRepName></altGeomRepName>
              <altGeomRepControllerID></altGeomRepControllerID>
              <polygonOffset>0</polygonOffset>
            </node>
            <node serial="B2485821EC15589E5E6F8C15000000AC">
              <viewstate>default</viewstate>
              <altGeomRepName></altGeomRepName>
              <altGeomRepControllerID></altGeomRepControllerID>
              <polygonOffset>0</polygonOffset>
            </node>
            <node serial="B2485821EC15589E5E6F8C15000000AC">
              <viewstate>default</viewstate>
              <altGeomRepName></altGeomRepName>
              <altGeomRepControllerID></altGeomRepControllerID>
              <polygonOffset>0</polygonOffset>
            </node>
            <node serial="B2485821EC15589E5E6F8C15000000AC">
              <viewstate>default</viewstate>
              <altGeomRepName></altGeomRepName>
              <altGeomRepControllerID></altGeomRepControllerID>
              <polygonOffset>0</polygonOffset>
            </node>
            <node serial="B2485821EC15589E5E6F8C15000000AC">
              <viewstate>default</viewstate>
              <altGeomRepName></altGeomRepName>
              <altGeomRepControllerID></altGeomRepControllerID>
              <polygonOffset>0</polygonOffset>
            </node>
            <node serial="B2485821EC15589E5E6F8C15000000AC">
              <viewstate>default</viewstate>
              <altGeomRepName></altGeomRepName>
              <altGeomRepControllerID></altGeomRepControllerID>
              <polygonOffset>0</polygonOffset>
            </node>
            <node serial="B2485821EC15589E5E6F8C15000000AC">
              <viewstate>default</viewstate>
              <altGeomRepName></altGeomRepName>
              <altGeomRepControllerID></altGeomRepControllerID>
              <polygonOffset>0</polygonOffset>
            </node>
            <node serial="B2485821EC15589E5E6F8C15000000AC">
              <viewstate>default</viewstate>
              <altGeomRepName></altGeomRepName>
              <altGeomRepControllerID></altGeomRepControllerID>
              <polygonOffset>0</polygonOffset>
            </node>
            <node serial="B2485821EC15589E5E6F8C15000000AC">
              <viewstate>default</viewstate>
              <altGeomRepName></altGeomRepName>
              <altGeomRepControllerID></altGeomRepControllerID>
              <polygonOffset>0</polygonOffset>
            </node>
            <node serial="B2485821EC15589E5E6F8C15000000AC">
              <viewstate>default</viewstate>
              <altGeomRepName></altGeomRepName>
              <altGeomRepControllerID></altGeomRepControllerID>
              <polygonOffset>0</polygonOffset>
            </node>
            <node serial="B2485821EC15589E5E6F8C15000000AC">
              <viewstate>default</viewstate>
              <altGeomRepName></altGeomRepName>
              <altGeomRepControllerID></altGeomRepControllerID>
              <polygonOffset>0</polygonOffset>
            </node>
            <node serial="B2485821EC15589E5E6F8C15000000AC">
              <viewstate>default</viewstate>
              <altGeomRepName></altGeomRepName>
              <altGeomRepControllerID></altGeomRepControllerID>
              <polygonOffset>0</polygonOffset>
            </node>
            <node serial="B2485821EC15589E5E6F8C15000000AC">
              <viewstate>default</viewstate>
              <altGeomRepName></altGeomRepName>
              <altGeomRepControllerID></altGeomRepControllerID>
              <polygonOffset>0</polygonOffset>
            </node>
            <node serial="B2485821EC15589E5E6F8C15000000AC">
              <viewstate>default</viewstate>
              <altGeomRepName></altGeomRepName>
              <altGeomRepControllerID></altGeomRepControllerID>
              <polygonOffset>0</polygonOffset>
            </node>
            <node serial="B2485821EC15589E5E6F8C15000000AC">
              <viewstate>default</viewstate>
              <altGeomRepName></altGeomRepName>
              <altGeomRepControllerID></altGeomRepControllerID>
              <polygonOffset>0</polygonOffset>
            </node>
            <node serial="B2485821EC15589E5E6F8C15000000AC">
              <viewstate>default</viewstate>
              <altGeomRepName></altGeomRepName>
              <altGeomRepControllerID></altGeomRepControllerID>
              <polygonOffset>0</polygonOffset>
            </node>
            <node serial="B2485821EC15589E5E6F8C15000000AC">
              <viewstate>default</viewstate>
              <altGeomRepName></altGeomRepName>
              <altGeomRepControllerID></altGeomRepControllerID>
              <polygonOffset>0</polygonOffset>
            </node>
            <node serial="B2485821EC15589E5E6F8C15000000AC">
              <viewstate>default</viewstate>
              <altGeomRepName></altGeomRepName>
              <altGeomRepControllerID></altGeomRepControllerID>
              <polygonOffset>0</polygonOffset>
            </node>
            <node serial="B2485821EC15589E5E6F8C15000000AC">
              <viewstate>default</viewstate>
              <altGeomRepName></altGeomRepName>
              <altGeomRepControllerID></altGeomRepControllerID>
              <polygonOffset>0</polygonOffset>
            </node>
            <node serial="B2485821EC15589E5E6F8C15000000AC">
              <viewstate>default</viewstate>
              <altGeomRepName></altGeomRepName>
              <altGeomRepControllerID></altGeomRepControllerID>
              <polygonOffset>0</polygonOffset>
            </node>
            <node serial="B2485821EC15589E5E6F8C15000000AC">
              <viewstate>default</viewstate>
              <altGeomRepName></altGeomRepName>
              <altGeomRepControllerID></altGeomRepControllerID>
              <polygonOffset>0</polygonOffset>
            </node>
            <node serial="B2485821EC15589E5E6F8C15000000AC">
              <viewstate>default</viewstate>
              <altGeomRepName></altGeomRepName>
              <altGeomRepControllerID></altGeomRepControllerID>
              <polygonOffset>0</polygonOffset>
            </node>
            <node serial="B2485821EC15589E5E6F8C15000000AC">
              <viewstate>default</viewstate>
              <altGeomRepName></altGeomRepName>
              <altGeomRepControllerID></altGeomRepControllerID>
              <polygonOffset>0</polygonOffset>
            </node>
            <node serial="B2485821EC15589E5E6F8C15000000AC">
              <viewstate>default</viewstate>
              <altGeomRepName></altGeomRepName>
              <altGeomRepControllerID></altGeomRepControllerID>
              <polygonOffset>0</polygonOffset>
            </node>
            <node serial="B2485821EC15589E5E6F8C15000000AC">
              <viewstate>default</viewstate>
              <altGeomRepName></altGeomRepName>
              <altGeomRepControllerID></altGeomRepControllerID>
              <polygonOffset>0</polygonOffset>
            </node>
          </node>
          <node serial="B2485821EC15589E5E6F8C15000000C1">
            <viewstate>default</viewstate>
            <altGeomRepName></altGeomRepName>
            <altGeomRepControllerID></altGeomRepControllerID>
            <polygonOffset>0</polygonOffset>
          </node>
        </rootNode>
      </rootNode>
    </geometry>
    <results>
      <serial>B2485821EC15589E5E73732B00000002</serial>
      <scalarFields>
        <scalarField field="Pressure">
          <showRange>false</showRange>
          <range>Total Range</range>
          <currentMin>-2.04189</currentMin>
          <currentMax>0.00329832</currentMax>
          <userRangeMin>0</userRangeMin>
          <userRangeMax>0</userRangeMax>
          <userRangeSet>false</userRangeSet>
          <clipMinMax>false</clipMinMax>
          <logScale>false</logScale>
          <showLegend>true</showLegend>
          <legendTitle></legendTitle>
          <showUnitInLegend>true</showUnitInLegend>
          <colourMap>Spectrum</colourMap>
          <legendNumTicks>6</legendNumTicks>
        </scalarField>
        <scalarField field="XVelocity">
          <showRange>false</showRange>
          <range>Total Range</range>
          <currentMin>-0.370675</currentMin>
          <currentMax>0.698854</currentMax>
          <userRangeMin>0</userRangeMin>
          <userRangeMax>0</userRangeMax>
          <userRangeSet>false</userRangeSet>
          <clipMinMax>false</clipMinMax>
          <logScale>false</logScale>
          <showLegend>true</showLegend>
          <legendTitle></legendTitle>
          <showUnitInLegend>true</showUnitInLegend>
          <colourMap>Spectrum</colourMap>
          <legendNumTicks>6</legendNumTicks>
        </scalarField>
        <scalarField field="YVelocity">
          <showRange>false</showRange>
          <range>Total Range</range>
          <currentMin>-0.0170228</currentMin>
          <currentMax>0.700876</currentMax>
          <userRangeMin>0</userRangeMin>
          <userRangeMax>1.20512e-043</userRangeMax>
          <userRangeSet>false</userRangeSet>
          <clipMinMax>false</clipMinMax>
          <logScale>false</logScale>
          <showLegend>true</showLegend>
          <legendTitle></legendTitle>
          <showUnitInLegend>true</showUnitInLegend>
          <colourMap>Spectrum</colourMap>
          <legendNumTicks>6</legendNumTicks>
        </scalarField>
        <scalarField field="ZVelocity">
          <showRange>false</showRange>
          <range>Total Range</range>
          <currentMin>-0.169978</currentMin>
          <currentMax>0.0568542</currentMax>
          <userRangeMin>0</userRangeMin>
          <userRangeMax>1.20512e-043</userRangeMax>
          <userRangeSet>false</userRangeSet>
          <clipMinMax>false</clipMinMax>
          <logScale>false</logScale>
          <showLegend>true</showLegend>
          <legendTitle></legendTitle>
          <showUnitInLegend>true</showUnitInLegend>
          <colourMap>Spectrum</colourMap>
          <legendNumTicks>6</legendNumTicks>
        </scalarField>
        <scalarField field="Speed">
          <showRange>false</showRange>
          <range>Total Range</range>
          <currentMin>0</currentMin>
          <currentMax>0.77617</currentMax>
          <userRangeMin>0</userRangeMin>
          <userRangeMax>1.20512e-043</userRangeMax>
          <userRangeSet>false</userRangeSet>
          <clipMinMax>false</clipMinMax>
          <logScale>false</logScale>
          <showLegend>true</showLegend>
          <legendTitle></legendTitle>
          <showUnitInLegend>true</showUnitInLegend>
          <colourMap>Spectrum</colourMap>
          <legendNumTicks>6</legendNumTicks>
        </scalarField>
        <scalarField field="Temperature">
          <showRange>false</showRange>
          <range>Total Range</range>
          <currentMin>35.0068</currentMin>
          <currentMax>262.504</currentMax>
          <userRangeMin>0</userRangeMin>
          <userRangeMax>0</userRangeMax>
          <userRangeSet>false</userRangeSet>
          <clipMinMax>false</clipMinMax>
          <logScale>false</logScale>
          <showLegend>true</showLegend>
          <legendTitle></legendTitle>
          <showUnitInLegend>true</showUnitInLegend>
          <colourMap>Spectrum</colourMap>
          <legendNumTicks>6</legendNumTicks>
        </scalarField>
        <scalarField field="TurbVis">
          <showRange>false</showRange>
          <range>Total Range</range>
          <currentMin>0</currentMin>
          <currentMax>0.00554721</currentMax>
          <userRangeMin>0</userRangeMin>
          <userRangeMax>2.06395e-032</userRangeMax>
          <userRangeSet>false</userRangeSet>
          <clipMinMax>false</clipMinMax>
          <logScale>false</logScale>
          <showLegend>true</showLegend>
          <legendTitle></legendTitle>
          <showUnitInLegend>true</showUnitInLegend>
          <colourMap>Spectrum</colourMap>
          <legendNumTicks>6</legendNumTicks>
        </scalarField>
      </scalarFields>
      <vectorFields/>
      <plots>
        <gridColour>
          <red>0</red>
          <green>0</green>
          <blue>0</blue>
        </gridColour>
      </plots>
      <surface_plots>
        <interpolated>true</interpolated>
        <showGrid>false</showGrid>
        <showLighting>true</showLighting>
        <background_processing>true</background_processing>
      </surface_plots>
      <particles>
        <scalars>Speed</scalars>
        <smear>3</smear>
        <width>0.015</width>
        <lifetime>70.1494</lifetime>
        <time-step>0.350747</time-step>
        <distribution>0.2</distribution>
        <transparency>0</transparency>
      </particles>
    </results>
    <annotation/>
    <animation>
      <currentFrame>1</currentFrame>
      <noOfFrames>18</noOfFrames>
      <framesPerSec>30</framesPerSec>
      <swing>false</swing>
      <child operation="">
        <name>cut plane/position</name>
        <on>false</on>
        <minValue>0</minValue>
        <maxValue>1</maxValue>
        <circular>false</circular>
        <objectSerial._Anim>B2485821EC15589E5E73732B00000001</objectSerial._Anim>
        <propertyName._Anim>position</propertyName._Anim>
        <min></min>
        <max></max>
      </child>
      <child operation="">
        <name>transient</name>
        <on>false</on>
        <minValue></minValue>
        <maxValue></maxValue>
        <circular>false</circular>
        <objectSerial._Anim>B2485821EC15589E5E73732B00000002</objectSerial._Anim>
        <propertyName._Anim>transient</propertyName._Anim>
        <min></min>
        <max></max>
      </child>
    </animation>
    <Table>
      <selectionLinking>
        <cellSelectsObject>false</cellSelectsObject>
        <sendSelectionToGDA>true</sendSelectionToGDA>
        <sendSelectionToPM._DB>true</sendSelectionToPM._DB>
      </selectionLinking>
      <report>
        <showPreview>false</showPreview>
        <modelSummary>false</modelSummary>
        <solverControlSummary>false</solverControlSummary>
        <geometric>
          <geometricDetails>true</geometricDetails>
          <geomSmartPartDetails>false</geomSmartPartDetails>
        </geometric>
        <results>
          <collapsedResistances>false</collapsedResistances>
          <collSmartPartDetails>false</collSmartPartDetails>
          <fans>false</fans>
          <fixedFlows>false</fixedFlows>
          <recirculationDevices>false</recirculationDevices>
          <cutoutsOverall>false</cutoutsOverall>
          <solidConductors>false</solidConductors>
          <condSmartPartDetails>false</condSmartPartDetails>
          <compactComponents>false</compactComponents>
          <heatPipes>false</heatPipes>
          <tec>false</tec>
          <die>false</die>
        </results>
        <monitorPointTables>false</monitorPointTables>
        <regionTables>false</regionTables>
        <gridTables>false</gridTables>
      </report>
      <geometry>
        <geometric>
          <geometricDetails>true</geometricDetails>
          <geomSmartPartDetails>false</geomSmartPartDetails>
        </geometric>
        <results>
          <collapsedResistances>false</collapsedResistances>
          <collSmartPartDetails>false</collSmartPartDetails>
          <fans>false</fans>
          <fixedFlows>false</fixedFlows>
          <recirculationDevices>false</recirculationDevices>
          <cutoutsOverall>false</cutoutsOverall>
          <solidConductors>false</solidConductors>
          <condSmartPartDetails>false</condSmartPartDetails>
          <compactComponents>false</compactComponents>
          <heatPipes>false</heatPipes>
          <tec>false</tec>
          <die>false</die>
        </results>
        <heatTransferCoefficient>
          <heatFlux>tableSet</heatFlux>
          <specHeatFlux>0</specHeatFlux>
          <refTemp>globalAmbient</refTemp>
          <specRefTemp>0</specRefTemp>
        </heatTransferCoefficient>
        <layout>
          <selectedTab></selectedTab>
          <Tabs/>
        </layout>
      </geometry>
      <grid>
        <X>true</X>
        <Y>true</Y>
        <Z>true</Z>
        <transient>false</transient>
        <layout>
          <selectedTab></selectedTab>
          <Tabs/>
        </layout>
      </grid>
      <attributes>
        <material>true</material>
        <surfaceFinish>true</surfaceFinish>
        <resistance>true</resistance>
        <ambient>true</ambient>
        <thermal>true</thermal>
        <source>true</source>
        <transient>true</transient>
        <radiation>true</radiation>
        <surfaceExchange>true</surfaceExchange>
        <gridConstrains>true</gridConstrains>
        <layout>
          <selectedTab></selectedTab>
          <Tabs/>
        </layout>
      </attributes>
    </Table>
  </root>

</flomerics_vis_scenario>
